validation,N,r,RMSE,MAE,Bias
Internal fitted values,2066,0.898225828330475,0.14185208611932362,0.09640161676512525,0.005878662629229384
Random 5-fold cross-validation,2066,0.6795165493271229,0.23298908102421556,0.1702867743017488,2.6147683077533293e-4
Spatial block 5-fold cross-validation,2066,0.5850439138731361,0.2582903470587568,0.20490001177586048,0.028067922177080953
