validation,fold,N,r,RMSE,MAE,Bias
Random 5-fold cross-validation,1,415,0.7125094665721944,0.2267153968677689,0.1650592061749214,0.0064642281085941205
Random 5-fold cross-validation,2,414,0.6704276196535291,0.22885596788489515,0.1669156574414744,-0.002019355485747832
Random 5-fold cross-validation,3,414,0.6743293768495137,0.23463979267252594,0.17149645612853684,0.0024978965450518304
Random 5-fold cross-validation,4,413,0.6657586270084861,0.23690236474276247,0.17066816603956084,0.0012375494158822836
Random 5-fold cross-validation,5,410,0.674413468994575,0.23769493047495344,0.1773764330548716,-0.006955286439014537
