parameter,posterior_mean
variance,2.2374804032304465
marginal_sd,1.494435687737031
kappa,7.336827244083954
range_degrees,0.3892080641513912
range_km_approx,43.32664170133287
